importances_mean,importances_std
0.27975982314999026,0.045059169310891135
0.12836165596215254,0.027858943330403646
0.053597829171214216,0.010502553820884875
0.03375447139583676,0.008968929639707362
0.02599814926303139,0.005413372025117736
0.02234477582129588,0.00583650289926292
0.016700470328169154,0.015970000155373882
0.013398739912204274,0.004137958643443562
0.01227513511709975,0.004174210571583898
0.01090836601176454,0.0033929317499597684
0.008183105952042743,0.004136444673629605
0.008141277106011252,0.0036563842194808384
0.007353720027624767,0.004860270708546677
0.0070828806128176176,0.0022884226574414112
0.007006841601235912,0.002220479106543434
0.006394719556810627,0.0017827205178238847
0.005848212979411771,0.0025077294264254715
0.004664737829319991,0.0020796686007303585
0.004561937321402391,0.002325929153639943
0.00449176350600602,0.005236687288898744
0.004136264789121594,0.001963660769197348
0.003964615720345969,0.001819939752434587
0.0036830430956133753,0.0018455255441874319
0.0036784823916143627,0.0015834157069031865
0.0036708835432973834,0.0015799435312275998
0.003347333409810868,0.0014537939993469577
0.003283245650109655,0.0016514265489316836
0.0028449547757038738,0.003819398784459925
0.0026210122686698293,0.0019669567938937235
0.00252029316160305,0.0018404970720361912
0.0024759373143065054,0.0013788024353328068
0.002434551076661948,0.0013771894583048377
0.0023866238865496636,0.00231241718393209
0.0023433436491497573,0.001243848704871515
0.00220537648741261,0.0009025305119069292
0.002168398442296938,0.001894751773788464
0.002040855561736569,0.0013202107495591238
0.0019053195390546715,0.0015462613622143613
0.0018910733836574475,0.0015019025810944684
0.0018495001374957641,0.0013439289567257304
0.001811443959245137,0.0010254932780001482
0.001756736618469392,0.0009737671106140402
0.0013787403642319485,0.0012584826601105144
0.0013610176690928054,0.0010670482625193276
0.0013401718362565519,0.0019422923529613955
0.0013250861243739199,0.002259813195765191
0.0012971211140156147,0.0008144072739024602
0.0012044201853212745,0.0010455121639049378
0.0011844804666666811,0.0008363016958930489
0.0010939334388910238,0.0009014786546922662
0.0009555395230895602,0.0018170236848943518
0.0009536818816120805,0.0010964894110225187
0.0008699588915394619,0.0007479468555439113
0.000840611805090885,0.000986771868767267
0.0008346747406123012,0.0006816852984475686
0.0007522936329265717,0.0006836634826981249
0.000658035712140519,0.000890788161990822
0.0006401766591528135,0.000651716618195157
0.0005431718607575564,0.0005966570592554675
0.0004037884110662337,0.0016385168687635082
0.0003944655871809433,0.0007925497533298135
0.0003881157018240644,0.0007914931624865855
0.0003660475867706192,0.0010793133303790277
0.00033863206550253206,0.0006508510504205562
0.0003244859562755231,0.0008134533598162114
0.0003169148398293597,0.00043165534129174804
0.00028380308020592774,0.001207181782929136
0.00011221667265002623,0.0008420878133730544
8.994113092081421e-05,0.0006034334039357861
3.0177238339142977e-05,0.0006681362552440728
1.9735607433556403e-05,0.0005397284709993302
-2.2516989556793403e-05,0.0010054431544301125
-5.319992309109401e-05,0.0007915063267457835
-0.00010087212962711864,0.0006122848689810038
-0.00020718524895668172,0.0007757095786849387
-0.00031237769940928306,0.0008825252523000622
-0.0003159078301724694,0.0004668260297873889
-0.00031796461244083644,0.0008909101192699423
-0.0003794320958051123,0.0013312841310113607
-0.0004033244870240372,0.0006449572792240853
-0.0005206192799068054,0.0004913738291124557
-0.0006464195379920835,0.0010207519945957656
-0.00098702819567549,0.001315095528033402
-0.0011515430592716415,0.0006667004279234275
-0.0011966658708635804,0.0018096672188889617
-0.0012963144956265305,0.0012681115807935926
-0.0022359688691665314,0.001591318890494374
