,iter,r2,mae,rmse,spearmanr,rmse_v,rmse_lower,rmse_upper,acc_20,recall_20,precision_20,f1_20,prc-auc_20
0,0,0.2848752356938793,16.088310376416633,28.955447689933127,"SpearmanrResult(correlation=0.5123221121889143, pvalue=5.382199225387635e-07)",28.955447689933127,25.310740250622423,34.30988124732672,0.7176470588235294,0.6190476190476191,0.4482758620689655,0.52,0.6365690249561897
1,1,0.2915093645602289,16.000164458931557,28.82082659422423,"SpearmanrResult(correlation=0.49488643094869367, pvalue=1.4754245208938939e-06)",28.82082659422423,25.19306430852581,34.1503660550003,0.7176470588235294,0.6190476190476191,0.4482758620689655,0.52,0.5884221644528573
2,2,0.2631175288329539,15.350585430563553,29.39263273643378,"SpearmanrResult(correlation=0.5110640946817084, pvalue=5.799337899260138e-07)",29.39263273643378,25.692895528341765,34.827910434413305,0.7647058823529411,0.6190476190476191,0.52,0.5652173913043478,0.6801852304503186
3,3,0.2324468046397744,15.385763828285981,29.99809093446686,"SpearmanrResult(correlation=0.5159637418150363, pvalue=4.328919150396659e-07)",29.99809093446686,26.22214292065037,35.54532979871337,0.788235294117647,0.6190476190476191,0.5652173913043478,0.5909090909090909,0.6553647195870924
4,4,0.21702203979034285,15.89089594713639,30.298012747976717,"SpearmanrResult(correlation=0.5029200866087447, pvalue=9.335433631478781e-07)",30.298012747976717,26.484312692588755,35.900713072879896,0.7764705882352941,0.6190476190476191,0.5416666666666666,0.5777777777777778,0.6324269016309441
5,5,0.2254134758148496,15.811383530070643,30.135218437291392,"SpearmanrResult(correlation=0.48733832590545884, pvalue=2.2445806836986925e-06)",30.135218437291392,26.34200978102065,35.707814882281525,0.7764705882352941,0.6190476190476191,0.5416666666666666,0.5777777777777778,0.6196892912631224
6,6,0.22116773852301175,15.867811190500975,30.217695583389425,"SpearmanrResult(correlation=0.4873824668706239, pvalue=2.2391449042320118e-06)",30.217695583389425,26.414105285944434,35.80554367993454,0.7529411764705882,0.5714285714285714,0.5,0.5333333333333333,0.6184418372031324
7,7,0.21570733940942777,15.436350256295766,30.323438816208224,"SpearmanrResult(correlation=0.4970714087243669, pvalue=1.3042252143165266e-06)",30.323438816208224,26.506538306763115,35.930840922773676,0.788235294117647,0.5714285714285714,0.5714285714285714,0.5714285714285714,0.6510563211820528
8,8,0.31183640437190874,15.005784565068998,28.40437400694252,"SpearmanrResult(correlation=0.4998522895297691, pvalue=1.1133745967498126e-06)",28.40437400694252,24.829031834351643,33.656903167885446,0.7411764705882353,0.6190476190476191,0.48148148148148145,0.5416666666666666,0.6735724823527554
9,9,0.3421794795763593,14.768125596213082,27.771100094669315,"SpearmanrResult(correlation=0.5092101741447737, pvalue=6.470189175276057e-07)",27.771100094669315,24.275469973637772,32.90652441498923,0.7529411764705882,0.6190476190476191,0.5,0.5531914893617021,0.670685320997038
10,10,0.3095897253581943,15.136986771657359,28.450702751214198,"SpearmanrResult(correlation=0.5128518037708957, pvalue=5.21519868532708e-07)",28.450702751214198,24.86952904320004,33.71179901102075,0.7529411764705882,0.6190476190476191,0.5,0.5531914893617021,0.6522233680163092
11,11,0.3128645236282259,14.862263363733678,28.38314794993861,"SpearmanrResult(correlation=0.526513432489499, pvalue=2.2702828290419407e-07)",28.38314794993861,24.81047756362774,33.631751994159806,0.7764705882352941,0.6190476190476191,0.5416666666666666,0.5777777777777778,0.649310689997268
12,12,0.3880479316212514,14.261221074576152,26.785396453086037,"SpearmanrResult(correlation=0.5325166037519548, pvalue=1.5569946300727454e-07)",26.785396453086037,23.413839751119028,31.738544722534407,0.7764705882352941,0.6190476190476191,0.5416666666666666,0.5777777777777778,0.6949359946985407
13,13,0.47986253836799686,13.737227773938521,24.69439793351538,"SpearmanrResult(correlation=0.5165817153273479, pvalue=4.170806420160327e-07)",24.69439793351538,21.586041370654367,29.260879322121774,0.7647058823529411,0.6190476190476191,0.52,0.5652173913043478,0.7096337737615437
14,14,0.45333609923703655,13.824106784574475,25.316261515570663,"SpearmanrResult(correlation=0.5260940933204303, pvalue=2.330255547039954e-07)",25.316261515570663,22.12962915300439,29.997737749621475,0.7647058823529411,0.6190476190476191,0.52,0.5652173913043478,0.684366534491974
15,15,0.45534591839165484,13.79251949205269,25.269680828856593,"SpearmanrResult(correlation=0.5293163837774839, pvalue=1.9054485132137196e-07)",25.269680828856593,22.088911714450497,29.94254337491546,0.7764705882352941,0.6190476190476191,0.5416666666666666,0.5777777777777778,0.6808577937379516
16,16,0.4762765357954316,13.593195307820187,24.779377457546005,"SpearmanrResult(correlation=0.525409908360371, pvalue=2.431342512508315e-07)",24.779377457546005,21.660324271833908,29.36157323675804,0.7647058823529411,0.6190476190476191,0.52,0.5652173913043478,0.6887438527761133
17,17,0.45779406675292156,13.786975912075299,25.212824923401712,"SpearmanrResult(correlation=0.525564401738449, pvalue=2.408159402429152e-07)",25.212824923401712,22.039212429186716,29.875173690797453,0.7647058823529411,0.6190476190476191,0.52,0.5652173913043478,0.6795151359746983
18,18,0.5175015142411128,13.127926780621687,23.784134526525044,"SpearmanrResult(correlation=0.5425807438096011, pvalue=8.137019165883828e-08)",23.784134526525044,20.790355498320604,28.182290252042105,0.7647058823529411,0.6190476190476191,0.52,0.5652173913043478,0.7004368561225733
19,19,0.5176725082057114,13.27889081477243,23.779919690660304,"SpearmanrResult(correlation=0.5096957247615899, pvalue=6.287724801263372e-07)",23.779919690660304,20.786671196253728,28.177296009868932,0.7764705882352941,0.6190476190476191,0.5416666666666666,0.5777777777777778,0.6870188592489177
20,20,0.531295489542991,13.074550618222828,23.441691257755522,"SpearmanrResult(correlation=0.5384314930840801, pvalue=1.0660294409117894e-07)",23.441691257755522,20.491016571870066,27.776522466606917,0.7647058823529411,0.6190476190476191,0.52,0.5652173913043478,0.7108184426622153
21,21,0.5404419436185655,12.903072286240684,23.211839945459072,"SpearmanrResult(correlation=0.5580742225825567, pvalue=2.871772276549031e-08)",23.211839945459072,20.290097320884946,27.504167111791418,0.7647058823529411,0.6190476190476191,0.52,0.5652173913043478,0.7368263346494135
22,22,0.540395904788542,13.40479796869565,23.213002605079406,"SpearmanrResult(correlation=0.5747595074149704, pvalue=8.800739505925361e-09)",23.213002605079406,20.29111363311625,27.505544770114362,0.7647058823529411,0.8095238095238095,0.5151515151515151,0.6296296296296297,0.7525738098162822
23,23,0.5316112330862164,13.342926468737607,23.43379416115156,"SpearmanrResult(correlation=0.5786218418669179, pvalue=6.6297767079717005e-09)",23.43379416115156,20.48411350606299,27.76716504103429,0.7764705882352941,0.7619047619047619,0.5333333333333333,0.6274509803921569,0.7514595817439085
24,24,0.516959475347579,13.522013059832474,23.797490327296547,"SpearmanrResult(correlation=0.5834552775524982, pvalue=4.6268124560885874e-09)",23.797490327296547,20.80203016513241,28.198115803880924,0.7764705882352941,0.8571428571428571,0.5294117647058824,0.6545454545454545,0.7522107221140673
0,0,0.28857502173734295,16.05027206570811,28.880448272060022,"SpearmanrResult(correlation=0.5052374872799132, pvalue=8.162919571537723e-07)",28.880448272060022,25.24518123025908,34.22101295738004,0.7176470588235294,0.6190476190476191,0.4482758620689655,0.52,0.5703751834693572
1,1,0.30926721279721725,15.80132169055435,28.457347088666015,"SpearmanrResult(correlation=0.5021696902009377, pvalue=9.748039066494913e-07)",28.457347088666015,24.875337038337303,33.719672017557556,0.7294117647058823,0.6190476190476191,0.4642857142857143,0.5306122448979592,0.6071955526016226
2,2,0.2696875998376419,15.444732731031344,29.261306460483333,"SpearmanrResult(correlation=0.5214592919780933, pvalue=3.101334079911794e-07)",29.261306460483333,25.57809967734137,34.672299339024164,0.7529411764705882,0.6190476190476191,0.5,0.5531914893617021,0.6784675463017975
3,3,0.2318672562079913,15.426785207569903,30.00941397120077,"SpearmanrResult(correlation=0.5216137853561712, pvalue=3.07213330347224e-07)",30.00941397120077,26.23204069341801,35.55874668833842,0.8,0.6190476190476191,0.5909090909090909,0.6046511627906977,0.6625462529313839
4,4,0.23273839103114613,15.917413258482858,29.992392393946247,"SpearmanrResult(correlation=0.4979762985102517, pvalue=1.2389694162690146e-06)",29.992392393946247,26.217161672200355,35.53857748562054,0.7647058823529411,0.6190476190476191,0.52,0.5652173913043478,0.629372289246714
5,5,0.2251861893803967,15.896930981743841,30.139639392059877,"SpearmanrResult(correlation=0.49561475687391804, pvalue=1.4161307434961099e-06)",30.139639392059877,26.34587425719809,35.713053358810384,0.7529411764705882,0.6190476190476191,0.5,0.5531914893617021,0.6093003468518186
6,6,0.2134423135473934,15.96355895952177,30.36719407424107,"SpearmanrResult(correlation=0.4850429957168728, pvalue=2.5450170368560273e-06)",30.36719407424107,26.54478596166134,35.98268739129072,0.7647058823529411,0.6190476190476191,0.52,0.5652173913043478,0.6050193970863686
7,7,0.21670217492220545,15.566693245019973,30.304200840598256,"SpearmanrResult(correlation=0.5016620691015389, pvalue=1.0036860867390125e-06)",30.304200840598256,26.48972187177561,35.90804546591578,0.7764705882352941,0.6190476190476191,0.5416666666666666,0.5777777777777778,0.641629839132057
8,8,0.29865785239385945,14.99911855217522,28.67506062221289,"SpearmanrResult(correlation=0.49843977864448546, pvalue=1.2067517950636844e-06)",28.67506062221289,25.06564632851505,33.97764507885911,0.7529411764705882,0.6190476190476191,0.5,0.5531914893617021,0.6745746720907326
9,9,0.34701430144171475,14.84025707687545,27.66885644421149,"SpearmanrResult(correlation=0.5049947119715051, pvalue=8.278890275775289e-07)",27.66885644421149,24.186096032446283,32.78537389633499,0.7411764705882353,0.6190476190476191,0.48148148148148145,0.5416666666666666,0.6779476382205687
10,10,0.30380674826076826,15.25968733256365,28.56960789540216,"SpearmanrResult(correlation=0.5008896022111493, pvalue=1.0491929998403003e-06)",28.56960789540216,24.97346724685802,33.85269206232051,0.7529411764705882,0.6190476190476191,0.5,0.5531914893617021,0.6348781833820771
11,11,0.3202504767672012,14.823285238377588,28.230191948553305,"SpearmanrResult(correlation=0.5258292475294397, pvalue=2.3689038257538695e-07)",28.230191948553305,24.676774584406207,33.45051141035698,0.7647058823529411,0.6190476190476191,0.52,0.5652173913043478,0.6354441180891333
12,12,0.3903434508260898,14.421264397323935,26.735111337144478,"SpearmanrResult(correlation=0.5255864722210316, pvalue=2.40486469039459e-07)",26.735111337144478,23.369884170749543,31.678960896549814,0.7764705882352941,0.6190476190476191,0.5416666666666666,0.5777777777777778,0.6842186990199286
13,13,0.47518279716087797,13.784570398311484,24.805238459682094,"SpearmanrResult(correlation=0.52401946795767, pvalue=2.649729836671246e-07)",24.805238459682094,21.682930073501932,29.392216448416438,0.7764705882352941,0.6190476190476191,0.5416666666666666,0.5777777777777778,0.7075260801496477
14,14,0.4637871756922193,13.725377618544872,25.073096580187645,"SpearmanrResult(correlation=0.5255423312558665, pvalue=2.4114583941737544e-07)",25.073096580187645,21.917072103863042,29.709606820138184,0.7764705882352941,0.6190476190476191,0.5416666666666666,0.5777777777777778,0.7083570134705501
15,15,0.44423393280163337,13.836146219710862,25.52615422099768,"SpearmanrResult(correlation=0.5352312731096094, pvalue=1.3096985702332834e-07)",25.52615422099768,22.313102045720555,30.246443757381968,0.7647058823529411,0.6190476190476191,0.52,0.5652173913043478,0.6864549150970458
16,16,0.4676983014714847,13.57793320688813,24.981487890156878,"SpearmanrResult(correlation=0.5316337844486524, pvalue=1.6465445143826767e-07)",24.981487890156878,21.836994469322626,29.601057875917522,0.7647058823529411,0.6190476190476191,0.52,0.5652173913043478,0.6788539450070366
17,17,0.44597599564016865,13.851097124232659,25.48611663263595,"SpearmanrResult(correlation=0.5285218464045117, pvalue=2.0027822034240245e-07)",25.48611663263595,22.278104106467925,30.19900242900638,0.7647058823529411,0.6190476190476191,0.52,0.5652173913043478,0.6685619853659568
18,18,0.5180518735589288,13.144931153989145,23.770566033277913,"SpearmanrResult(correlation=0.5285218464045117, pvalue=2.0027822034240245e-07)",23.770566033277913,20.778494911261205,28.166212676692577,0.7764705882352941,0.6190476190476191,0.5416666666666666,0.5777777777777778,0.6940322660824226
19,19,0.5183400850949422,13.225460986902544,23.763457409424706,"SpearmanrResult(correlation=0.5184797768294479, pvalue=3.718667675093102e-07)",23.763457409424706,20.772281070818654,28.157789528038577,0.7764705882352941,0.6190476190476191,0.5416666666666666,0.5777777777777778,0.6881397078955194
20,20,0.516650739179892,13.237742397665073,23.805094215561763,"SpearmanrResult(correlation=0.5279921548225304, pvalue=2.0702717034454727e-07)",23.805094215561763,20.808676929597482,28.207125801108088,0.7647058823529411,0.6190476190476191,0.52,0.5652173913043478,0.6939189932234369
21,21,0.519456455506544,13.15778158294995,23.735902479499448,"SpearmanrResult(correlation=0.5578755882393136, pvalue=2.911356973540681e-08)",23.735902479499448,20.748194561038847,28.125139147922276,0.7764705882352941,0.6190476190476191,0.5416666666666666,0.5777777777777778,0.7208841834289388
22,22,0.5289944687362262,13.553692381596452,23.499162199644257,"SpearmanrResult(correlation=0.5727290230173749, pvalue=1.0199002458270606e-08)",23.499162199644257,20.541253477121238,27.84462091952982,0.7764705882352941,0.8095238095238095,0.53125,0.6415094339622642,0.7366585294817858
23,23,0.521949820227022,13.40186714575289,23.674243935628187,"SpearmanrResult(correlation=0.5785556304191704, pvalue=6.662255331983332e-09)",23.674243935628187,20.694297159594083,28.052078722790547,0.7764705882352941,0.7142857142857143,0.5357142857142857,0.6122448979591837,0.7298634449465293
24,24,0.5208279084942202,13.534882619331109,23.702007597370905,"SpearmanrResult(correlation=0.579615013583133, pvalue=6.160367369610619e-09)",23.702007597370905,20.718566127503028,28.084976433355553,0.7764705882352941,0.7619047619047619,0.5333333333333333,0.6274509803921569,0.7270461096463332
0,0,0.2682846646709872,16.093993078463438,29.289398561619006,"SpearmanrResult(correlation=0.49987436001235164, pvalue=1.1119712383183433e-06)",29.289398561619006,25.602655743010025,34.70558622390587,0.7176470588235294,0.6190476190476191,0.4482758620689655,0.52,0.5482351179397797
1,1,0.2814064476142445,16.00035371094386,29.02558846271901,"SpearmanrResult(correlation=0.4944450212970425, pvalue=1.5124923195539154e-06)",29.02558846271901,25.372052197858476,34.3929924328504,0.7294117647058823,0.6190476190476191,0.4642857142857143,0.5306122448979592,0.5729403410769718
2,2,0.2667062471560958,15.411614088279453,29.320972312094497,"SpearmanrResult(correlation=0.504553302319854, pvalue=8.493746855814631e-07)",29.320972312094497,25.63025521256687,34.742998583781876,0.7529411764705882,0.6190476190476191,0.5,0.5531914893617021,0.6866142285779632
3,3,0.2357241506521771,15.301174273451615,29.933978573342337,"SpearmanrResult(correlation=0.5051933463147482, pvalue=8.183890276789687e-07)",29.933978573342337,26.16610057115352,35.46936179710541,0.8,0.6190476190476191,0.5909090909090909,0.6046511627906977,0.6863271247341591
4,4,0.2280181812677572,15.795468258894871,30.08450785557197,"SpearmanrResult(correlation=0.46509127946224055, pvalue=7.30550819630423e-06)",30.08450785557197,26.297682289503243,35.64772691350247,0.7764705882352941,0.6190476190476191,0.5416666666666666,0.5777777777777778,0.6134815532929987
5,5,0.21812572690815413,15.850177121490386,30.276651151302328,"SpearmanrResult(correlation=0.4981749328534948, pvalue=1.2250636635123647e-06)",30.276651151302328,26.46563994297169,35.87540129552456,0.7764705882352941,0.6190476190476191,0.5416666666666666,0.5777777777777778,0.6220052926305726
6,6,0.2085927400307852,15.965243524235031,30.460665692552087,"SpearmanrResult(correlation=0.4932311447550018, pvalue=1.619012449041431e-06)",30.460665692552087,26.626492032215314,36.09344375598548,0.7764705882352941,0.6190476190476191,0.5416666666666666,0.5777777777777778,0.6256976823307021
7,7,0.21126860003130454,15.5142606258127,30.40912617826465,"SpearmanrResult(correlation=0.5068265620258574, pvalue=7.44092790372782e-07)",30.40912617826465,26.581439948312426,36.032373568652076,0.7764705882352941,0.5714285714285714,0.5454545454545454,0.5581395348837208,0.6520716364964321
8,8,0.3008226340002873,15.174789131572552,28.630771811922585,"SpearmanrResult(correlation=0.5000288533904297, pvalue=1.10219440829396e-06)",28.630771811922585,25.02693228115267,33.92516639374543,0.7529411764705882,0.6190476190476191,0.5,0.5531914893617021,0.675483291723161
9,9,0.33225826173291606,15.008211936794295,27.97973757973132,"SpearmanrResult(correlation=0.5138008345219457, pvalue=4.92818459106311e-07)",27.97973757973132,24.45784564427137,33.153743087374224,0.7411764705882353,0.6190476190476191,0.48148148148148145,0.5416666666666666,0.6772668530897614
10,10,0.2985341946210077,15.211396111269256,28.67758844537269,"SpearmanrResult(correlation=0.49523955867001457, pvalue=1.4463893203296456e-06)",28.67758844537269,25.067855967132363,33.98064034639411,0.7529411764705882,0.6190476190476191,0.5,0.5531914893617021,0.6406235336712328
11,11,0.3178874639438043,14.923629440374333,28.27921767740163,"SpearmanrResult(correlation=0.5054361216231563, pvalue=8.069178443406025e-07)",28.27921767740163,24.719629300443245,33.50860296372759,0.7647058823529411,0.6190476190476191,0.52,0.5652173913043478,0.6499662330686391
12,12,0.3926281644958539,14.364998556654706,26.684968835753445,"SpearmanrResult(correlation=0.5257188951165269, pvalue=2.385185999319962e-07)",26.684968835753445,23.326053253617285,31.61954605735987,0.7647058823529411,0.6190476190476191,0.52,0.5652173913043478,0.6917908498871745
13,13,0.47654706235442545,13.675289145932169,24.772976803325655,"SpearmanrResult(correlation=0.5338849736720733, pvalue=1.4272702758446647e-07)",24.772976803325655,21.654729286802418,29.353988975289976,0.7647058823529411,0.6190476190476191,0.52,0.5652173913043478,0.7156871267147331
14,14,0.4537010559961686,13.79338986995795,25.30780944536743,"SpearmanrResult(correlation=0.5298460753594653, pvalue=1.843071118550013e-07)",25.30780944536743,22.12224096975871,29.987722724881667,0.7764705882352941,0.6190476190476191,0.5416666666666666,0.5777777777777778,0.7035616958573165
15,15,0.4321763407669371,13.920117911654051,25.801569059628438,"SpearmanrResult(correlation=0.5345912291147151, pvalue=1.36439768716961e-07)",25.801569059628438,22.553849607851113,30.572788233501335,0.7764705882352941,0.6190476190476191,0.5416666666666666,0.5777777777777778,0.6888292190261383
16,16,0.4505121829614286,13.800944139672396,25.381565731547575,"SpearmanrResult(correlation=0.5300447097027082, pvalue=1.820183023572139e-07)",25.381565731547575,22.186713335074796,30.07511800355886,0.7764705882352941,0.6190476190476191,0.5416666666666666,0.5777777777777778,0.6794503873188434
17,17,0.4441737235297396,13.836321222480645,25.52753687966226,"SpearmanrResult(correlation=0.5313468681750791, pvalue=1.6766857113941018e-07)",25.52753687966226,22.31431066506878,30.24808209691294,0.7764705882352941,0.6190476190476191,0.5416666666666666,0.5777777777777778,0.6817650966045932
18,18,0.5299877811648039,13.031258437654213,23.474370208978755,"SpearmanrResult(correlation=0.5248581462958071, pvalue=2.5158787205447036e-07)",23.474370208978755,20.51958212730306,27.815244400654098,0.7764705882352941,0.6190476190476191,0.5416666666666666,0.5777777777777778,0.692081426428895
19,19,0.5127499109996578,13.275534460149233,23.90095965726648,"SpearmanrResult(correlation=0.5121455483282539, pvalue=5.438981766830975e-07)",23.90095965726648,20.892475505947687,28.320718654371234,0.7647058823529411,0.6190476190476191,0.52,0.5652173913043478,0.682823042137203
20,20,0.5109489054766176,13.22008898153461,23.94509105665217,"SpearmanrResult(correlation=0.5397777925216162, pvalue=9.769690376544263e-08)",23.94509105665217,20.931051956179402,28.373010820198385,0.7764705882352941,0.6190476190476191,0.5416666666666666,0.5777777777777778,0.692992019987358
21,21,0.5131445563949917,13.189180027994183,23.89127847445106,"SpearmanrResult(correlation=0.5661299487251902, pvalue=1.635742808121646e-08)",23.89127847445106,20.884012922112557,28.309247229847337,0.7764705882352941,0.6190476190476191,0.5416666666666666,0.5777777777777778,0.7213120946119955
22,22,0.5193413136258845,13.625894371519971,23.738745960376356,"SpearmanrResult(correlation=0.5833890661047504, pvalue=4.6498515748428776e-09)",23.738745960376356,20.750680124607182,28.12850844451408,0.788235294117647,0.8571428571428571,0.5454545454545454,0.6666666666666665,0.7476238771440649
23,23,0.5120850185097898,13.604632260167289,23.91726150235155,"SpearmanrResult(correlation=0.5820427666672146, pvalue=5.142776767789153e-09)",23.91726150235155,20.906725389802794,28.340035032241488,0.8,0.8571428571428571,0.5625,0.6792452830188678,0.7393177468700649
24,24,0.5149360492386068,13.494213790950363,23.84728132747132,"SpearmanrResult(correlation=0.5931221489236583, pvalue=2.213507471026913e-09)",23.84728132747132,20.845553825541245,28.25711414234474,0.8117647058823529,0.8571428571428571,0.5806451612903226,0.6923076923076923,0.7656176133960466
0,0,0.2645285284792811,16.09297724728401,29.364478404900062,"SpearmanrResult(correlation=0.4982852852664076, pvalue=1.2174020588326804e-06)",29.364478404900062,25.668285065398464,34.794549811505185,0.7294117647058823,0.6190476190476191,0.4642857142857143,0.5306122448979592,0.5693983822485384
1,1,0.28844948215353805,16.01237383938681,28.882996312706627,"SpearmanrResult(correlation=0.4761485912361021, pvalue=4.105852362558752e-06)",28.882996312706627,25.247408541528618,34.22403218101403,0.7294117647058823,0.6190476190476191,0.4642857142857143,0.5306122448979592,0.5961404595987563
2,2,0.27077625915482006,15.465412775211183,29.239488760034533,"SpearmanrResult(correlation=0.5174645346306502, pvalue=3.954391588524083e-07)",29.239488760034533,25.559028235074656,34.64644711530779,0.7411764705882353,0.6190476190476191,0.48148148148148145,0.5416666666666666,0.6779113909704362
3,3,0.2286082024353231,15.449365032499268,30.073008951733467,"SpearmanrResult(correlation=0.5166699972576781, pvalue=4.1486704238258977e-07)",30.073008951733467,26.287630786541182,35.6341016354754,0.7764705882352941,0.6190476190476191,0.5416666666666666,0.5777777777777778,0.662769593132809
4,4,0.21716833399838587,15.928711516508073,30.295182124978975,"SpearmanrResult(correlation=0.4852416300601159, pvalue=2.517590833992498e-06)",30.295182124978975,26.481838368440478,35.8973590118428,0.7647058823529411,0.6190476190476191,0.52,0.5652173913043478,0.6205929901535614
5,5,0.2296253586579915,15.782236659033874,30.05317529614063,"SpearmanrResult(correlation=0.49294422848142855, pvalue=1.6452042496102286e-06)",30.05317529614063,26.270293651563804,35.610600345653275,0.7647058823529411,0.6190476190476191,0.52,0.5652173913043478,0.6390794228550212
6,6,0.21003807669877472,16.020664004838718,30.432838024896572,"SpearmanrResult(correlation=0.4894129512682193, pvalue=2.0020928134794744e-06)",30.432838024896572,26.602167115006235,36.06047020355159,0.7764705882352941,0.6190476190476191,0.5416666666666666,0.5777777777777778,0.6100712734902047
7,7,0.20808274461931242,15.507984846840463,30.4704787803309,"SpearmanrResult(correlation=0.49170828145680534, pvalue=1.7626686332737309e-06)",30.4704787803309,26.6350699177478,36.105071477302936,0.788235294117647,0.6190476190476191,0.5652173913043478,0.5909090909090909,0.6348088400329159
8,8,0.293904041311729,15.030960326693835,28.772078609998946,"SpearmanrResult(correlation=0.4990136111916319, pvalue=1.1679589460257397e-06)",28.772078609998946,25.15045237657849,34.09260360671332,0.7647058823529411,0.6190476190476191,0.52,0.5652173913043478,0.6765549232014474
9,9,0.3366309642252846,14.992885857556637,27.887974539475735,"SpearmanrResult(correlation=0.5054802625883213, pvalue=8.048485738640565e-07)",27.887974539475735,24.377633088023305,33.045011250526905,0.7529411764705882,0.6190476190476191,0.5,0.5531914893617021,0.6732056143718226
10,10,0.3118840262365028,15.150901913506887,28.403391179120845,"SpearmanrResult(correlation=0.5230925076892025, pvalue=2.805516033573618e-07)",28.403391179120845,24.828172717961117,33.65573859580874,0.7529411764705882,0.6190476190476191,0.5,0.5531914893617021,0.6376774907640448
11,11,0.3179417217514885,14.743219436945449,28.278092937137618,"SpearmanrResult(correlation=0.5014855052408785, pvalue=1.01392020140482e-06)",28.278092937137618,24.71864613454726,33.507270236798085,0.788235294117647,0.6190476190476191,0.5652173913043478,0.5909090909090909,0.652528559904175
12,12,0.3900639956627976,14.267122718814424,26.741238072712736,"SpearmanrResult(correlation=0.5307951061105152, pvalue=1.736127239299585e-07)",26.741238072712736,23.37523971607604,31.68622058640271,0.7764705882352941,0.6190476190476191,0.5416666666666666,0.5777777777777778,0.6879339115125993
13,13,0.46291932805113756,13.804425985699847,25.093378480856543,"SpearmanrResult(correlation=0.5488046198978824, pvalue=5.389078521698407e-08)",25.093378480856543,21.934801061989212,29.733639244394634,0.7647058823529411,0.6190476190476191,0.52,0.5652173913043478,0.709535268053203
14,14,0.4541241476675446,13.77478889222342,25.298007488508972,"SpearmanrResult(correlation=0.5443463824162057, pvalue=7.24548082374375e-08)",25.298007488508972,22.113672814064866,29.97610819281135,0.7764705882352941,0.6190476190476191,0.5416666666666666,0.5777777777777778,0.6928225236105732
15,15,0.44513335420219,13.865304010440145,25.50549079166668,"SpearmanrResult(correlation=0.5370631231639615, pvalue=1.1644201167694736e-07)",25.50549079166668,22.29503958306812,30.221959252286386,0.7764705882352941,0.6190476190476191,0.5416666666666666,0.5777777777777778,0.7047295968203111
16,16,0.4638741897757872,13.600290736146286,25.07106212582651,"SpearmanrResult(correlation=0.5357168237264256, pvalue=1.2695984975842028e-07)",25.07106212582651,21.91529373226134,29.7071961550267,0.7764705882352941,0.6190476190476191,0.5416666666666666,0.5777777777777778,0.6955708051928979
17,17,0.4541286955306445,13.721865282819996,25.297902105468214,"SpearmanrResult(correlation=0.5453174836498382, pvalue=6.795549126067751e-08)",25.297902105468214,22.113580695897674,29.97598332236719,0.7764705882352941,0.6190476190476191,0.5416666666666666,0.5777777777777778,0.6693470661669119
18,18,0.5120234707721633,13.16847103833339,23.91876996896115,"SpearmanrResult(correlation=0.5226510980375513, pvalue=2.8827148237506243e-07)",23.91876996896115,20.908043981279643,28.341822444088653,0.7764705882352941,0.6190476190476191,0.5416666666666666,0.5777777777777778,0.7009954867287602
19,19,0.5141555398185573,13.189306273135106,23.86645977416754,"SpearmanrResult(correlation=0.526712066832742, pvalue=2.2423883591468251e-07)",23.86645977416754,20.862318224694615,28.279839062218265,0.7764705882352941,0.6190476190476191,0.5416666666666666,0.5777777777777778,0.6752587160476191
20,20,0.5096958189741071,13.341120978950563,23.975748461204383,"SpearmanrResult(correlation=0.5437284089038941, pvalue=7.54639428554222e-08)",23.975748461204383,20.957850422971855,28.409337383710763,0.7764705882352941,0.6190476190476191,0.5416666666666666,0.5777777777777778,0.6753244164865093
21,21,0.51495148228943,13.211102566796235,23.8469019556054,"SpearmanrResult(correlation=0.5737001242510076, pvalue=9.505714749477328e-09)",23.8469019556054,20.845222206328877,28.256664617135957,0.7647058823529411,0.6190476190476191,0.52,0.5652173913043478,0.7335468501451652
22,22,0.5163312257049809,13.859304313651522,23.812960982337334,"SpearmanrResult(correlation=0.5789970400708214, pvalue=6.448566903747577e-09)",23.812960982337334,20.815553483280947,28.216447288268654,0.7764705882352941,0.8571428571428571,0.5294117647058824,0.6545454545454545,0.7359698124391985
23,23,0.5165452512679284,13.541850282222677,23.80769172929641,"SpearmanrResult(correlation=0.5970065538581886, pvalue=1.6346202691603476e-09)",23.80769172929641,20.81094748663183,28.210203646380183,0.7764705882352941,0.8571428571428571,0.5294117647058824,0.6545454545454545,0.7503941042658819
24,24,0.5067089710819243,13.7589680904897,24.048665627344253,"SpearmanrResult(correlation=0.5775403882203726, pvalue=7.179683488511657e-09)",24.048665627344253,21.021589290757323,28.495738372496724,0.7764705882352941,0.8571428571428571,0.5294117647058824,0.6545454545454545,0.7407880233374209
0,0,0.2668545744150643,16.133334961249425,29.318006706982196,"SpearmanrResult(correlation=0.5196495124063235, pvalue=3.4635821212364856e-07)",29.318006706982196,25.627662896900155,34.7394845797741,0.7176470588235294,0.6190476190476191,0.4482758620689655,0.52,0.6045577673764351
1,1,0.27832337852435385,16.08665987062323,29.087787820390666,"SpearmanrResult(correlation=0.5048843595585923, pvalue=8.332117519921955e-07)",29.087787820390666,25.426422339278535,34.46669367892426,0.7294117647058823,0.6190476190476191,0.4642857142857143,0.5306122448979592,0.583730789474016
2,2,0.2548621580934334,15.513998166065601,29.556818525880868,"SpearmanrResult(correlation=0.5326269561648675, pvalue=1.5461315844277438e-07)",29.556818525880868,25.836414769143676,35.02245741564982,0.7529411764705882,0.6190476190476191,0.5,0.5531914893617021,0.6751882547660064
3,3,0.22483275148649895,15.4019098117541,30.146512834424076,"SpearmanrResult(correlation=0.5243946661615734, pvalue=2.589035341220069e-07)",30.146512834424076,26.35188251913798,35.72119783627802,0.8,0.6190476190476191,0.5909090909090909,0.6046511627906977,0.6592601353707657
4,4,0.21681152923991054,15.865293313608014,30.302085418615885,"SpearmanrResult(correlation=0.5080845795330632, pvalue=6.912625669848503e-07)",30.302085418615885,26.487872724185507,35.90553886067243,0.7647058823529411,0.6190476190476191,0.52,0.5652173913043478,0.6384754046633101
5,5,0.21165938511892668,15.889912610045622,30.401591987698886,"SpearmanrResult(correlation=0.5038470468772122, pvalue=8.848514840943945e-07)",30.401591987698886,26.5748541084922,36.023446157604106,0.7647058823529411,0.6190476190476191,0.52,0.5652173913043478,0.6339092778313764
6,6,0.21323176930279275,15.975921493365465,30.371258118268102,"SpearmanrResult(correlation=0.4947760785357808, pvalue=1.4846102464973714e-06)",30.371258118268102,26.548338452503025,35.98750295724033,0.7529411764705882,0.5714285714285714,0.5,0.5333333333333333,0.6164895671779662
7,7,0.21155894732823322,15.56940455364216,30.403528569060605,"SpearmanrResult(correlation=0.49554854542617044, pvalue=1.421426707192911e-06)",30.403528569060605,26.57654692665704,36.02574085106759,0.7764705882352941,0.5714285714285714,0.5454545454545454,0.5581395348837208,0.6430614133446788
8,8,0.29572984993254803,15.089127337274899,28.734855402770542,"SpearmanrResult(correlation=0.5022138311661029, pvalue=9.723298769126513e-07)",28.734855402770542,25.117914564021003,34.04849709406923,0.7529411764705882,0.6190476190476191,0.5,0.5531914893617021,0.6747025911764857
9,9,0.33316691710769175,14.898601589267432,27.960693844316243,"SpearmanrResult(correlation=0.5209296003961119, pvalue=3.2034606009735085e-07)",27.960693844316243,24.441198999893626,33.13117778955553,0.7529411764705882,0.6190476190476191,0.5,0.5531914893617021,0.6880510168124179
10,10,0.2984648652705344,15.263806761064004,28.679005584626918,"SpearmanrResult(correlation=0.4979983689928343, pvalue=1.2374170044874423e-06)",28.679005584626918,25.069094726896907,33.98231954265604,0.7647058823529411,0.6190476190476191,0.52,0.5652173913043478,0.6298220191718658
11,11,0.30490056665055987,14.998385864842398,28.547155618961384,"SpearmanrResult(correlation=0.5236663402363491, pvalue=2.708084242475069e-07)",28.547155618961384,24.953841104547493,33.826087916991305,0.7764705882352941,0.6190476190476191,0.5416666666666666,0.5777777777777778,0.6438472363196264
12,12,0.37572442757878577,14.496542779823569,27.05375458457754,"SpearmanrResult(correlation=0.5261382342855955, pvalue=2.3238725856751712e-07)",27.05375458457754,23.648418854611364,32.05652756713843,0.7647058823529411,0.6190476190476191,0.52,0.5652173913043478,0.6775053311811663
13,13,0.4613846460750197,13.715978722944087,25.129204462455426,"SpearmanrResult(correlation=0.5473038270822685, pvalue=5.95660137476666e-08)",25.129204462455426,21.9661175218203,29.776090156823596,0.7764705882352941,0.6190476190476191,0.5416666666666666,0.5777777777777778,0.7132555394493072
14,14,0.45215973061916304,13.784315803819316,25.343485968416935,"SpearmanrResult(correlation=0.5411020214765697, pvalue=8.962966099187464e-08)",25.343485968416935,22.153426783828003,30.029996540926707,0.7764705882352941,0.6190476190476191,0.5416666666666666,0.5777777777777778,0.7134514115287836
15,15,0.4424513899284275,13.783021819675257,25.56705725596914,"SpearmanrResult(correlation=0.529603300051057, pvalue=1.8714163556017523e-07)",25.56705725596914,22.348856495270464,30.294910570520344,0.7764705882352941,0.6190476190476191,0.5416666666666666,0.5777777777777778,0.6968244924978804
16,16,0.46539888255077577,13.585321773124692,25.035386839499473,"SpearmanrResult(correlation=0.530905458523428, pvalue=1.7240812406710806e-07)",25.035386839499473,21.884108999244617,29.66492380439851,0.7647058823529411,0.6190476190476191,0.52,0.5652173913043478,0.6985117785564885
17,17,0.45441154746103773,13.723518810686656,25.291347000291374,"SpearmanrResult(correlation=0.5323841808564593, pvalue=1.5701259116188846e-07)",25.291347000291374,22.107850701106255,29.96821604891352,0.7764705882352941,0.6190476190476191,0.5416666666666666,0.5777777777777778,0.6824030616744772
18,18,0.5411770502520745,12.808632588515433,23.193267747357183,"SpearmanrResult(correlation=0.5229380143111246, pvalue=2.8323099510705463e-07)",23.193267747357183,20.27386286003068,27.48216054783837,0.7764705882352941,0.6190476190476191,0.5416666666666666,0.5777777777777778,0.7197822594321763
19,19,0.5333867838831939,12.986935529687205,23.389336008896304,"SpearmanrResult(correlation=0.5197157238540712, pvalue=3.449650779929446e-07)",23.389336008896304,20.445251432307295,27.714485699285287,0.7647058823529411,0.6190476190476191,0.52,0.5652173913043478,0.7028684935583822
20,20,0.5346787174741177,12.95090533066685,23.3569339969658,"SpearmanrResult(correlation=0.5348560749057059, pvalue=1.3415055900811766e-07)",23.3569339969658,20.416927957003,27.676091916069957,0.7764705882352941,0.6190476190476191,0.5416666666666666,0.5777777777777778,0.704908197237593
21,21,0.5587538114192092,12.683134788151628,22.744681454559437,"SpearmanrResult(correlation=0.562797305855224, pvalue=2.0683652173574948e-08)",22.744681454559437,19.881741444448462,26.95062179907227,0.7647058823529411,0.6190476190476191,0.52,0.5652173913043478,0.7524312127763997
22,22,0.5645200615858659,13.267846911088347,22.5955778194922,"SpearmanrResult(correlation=0.5753112694795343, pvalue=8.453608788255771e-09)",22.5955778194922,19.75140592285601,26.77394596012538,0.7529411764705882,0.8571428571428571,0.5,0.631578947368421,0.7814447429407216
23,23,0.5578219299091067,13.056052767670012,22.768686386128437,"SpearmanrResult(correlation=0.5801226346825319, pvalue=5.932871554893438e-09)",22.768686386128437,19.90272480461554,26.979065716096176,0.7764705882352941,0.8571428571428571,0.5294117647058824,0.6545454545454545,0.7567627407130149
24,24,0.534567972996052,13.472575157815596,23.359713256884863,"SpearmanrResult(correlation=0.5830800793485946, pvalue=4.758823790609901e-09)",23.359713256884863,20.419357383294507,27.679385115981752,0.7647058823529411,0.8571428571428571,0.5142857142857142,0.6428571428571428,0.7717359006649842
0,0,0.2749004072036967,16.00761100528762,29.15668909589674,"SpearmanrResult(correlation=0.5064292933393714, pvalue=7.615541016857961e-07)",29.15668909589674,25.4866508084062,34.548336159666306,0.7294117647058823,0.6190476190476191,0.4642857142857143,0.5306122448979592,0.572983321667775
1,1,0.2875018863591329,15.976182216342385,28.902222143495898,"SpearmanrResult(correlation=0.5034718486733086, pvalue=9.042636244432668e-07)",28.902222143495898,25.26421436039975,34.24681324723428,0.7294117647058823,0.6190476190476191,0.4642857142857143,0.5306122448979592,0.5812556126379174
2,2,0.27286520559635463,15.322145514817187,29.197578761882735,"SpearmanrResult(correlation=0.5266237849024118, pvalue=2.254745534167454e-07)",29.197578761882735,25.5223935717642,34.596787131630045,0.7529411764705882,0.6190476190476191,0.5,0.5531914893617021,0.6835388627271655
3,3,0.24420928527559072,15.301499290445715,29.76734845488946,"SpearmanrResult(correlation=0.519870217232149, pvalue=3.4173504839033393e-07)",29.76734845488946,26.02044467623336,35.27191848220429,0.788235294117647,0.6190476190476191,0.5652173913043478,0.5909090909090909,0.6723991375325116
4,4,0.22958647038721014,15.835847592847571,30.053933824009608,"SpearmanrResult(correlation=0.4992343160174576, pvalue=1.1533546317285327e-06)",30.053933824009608,26.270956701296974,35.611499140290675,0.7647058823529411,0.6190476190476191,0.52,0.5652173913043478,0.6504093418595096
5,5,0.232594463037472,15.831623912097875,29.995205347435906,"SpearmanrResult(correlation=0.48713969156221587, pvalue=2.2691959694929252e-06)",29.995205347435906,26.219620550953547,35.5419106097089,0.7647058823529411,0.6190476190476191,0.52,0.5652173913043478,0.6254981164631135
6,6,0.2228029778788524,15.962959103629702,30.185956316931925,"SpearmanrResult(correlation=0.47906189493699963, pvalue=3.5156719807916836e-06)",30.185956316931925,26.386361134389478,35.767935196905874,0.7647058823529411,0.6190476190476191,0.52,0.5652173913043478,0.6301966955679699
7,7,0.22534496867060305,15.472410774094067,30.13655103994231,"SpearmanrResult(correlation=0.5031849323997354, pvalue=9.193790288841735e-07)",30.13655103994231,26.343174645053008,35.70939390945432,0.7764705882352941,0.6190476190476191,0.5416666666666666,0.5777777777777778,0.6501253366217121
8,8,0.30424850213235655,15.094884598975764,28.560542353935922,"SpearmanrResult(correlation=0.5016620691015389, pvalue=1.0036860867390125e-06)",28.560542353935922,24.96554281178313,33.84195012337762,0.7529411764705882,0.6190476190476191,0.5,0.5531914893617021,0.6707515839927238
9,9,0.33491911365762217,14.929781872780845,27.923934377341244,"SpearmanrResult(correlation=0.5040456812204551, pvalue=8.747345883303758e-07)",27.923934377341244,24.409066555238695,33.08762077188712,0.7529411764705882,0.6190476190476191,0.5,0.5531914893617021,0.6802098603951225
10,10,0.30360461240112036,15.196334058283975,28.573755108203724,"SpearmanrResult(correlation=0.5091218922144435, pvalue=6.503898055004673e-07)",28.573755108203724,24.977092437775752,33.85760617659194,0.7529411764705882,0.6190476190476191,0.5,0.5531914893617021,0.6500353520498843
11,11,0.31832507028425694,14.888320764572804,28.27014501728346,"SpearmanrResult(correlation=0.5087466940105398, pvalue=6.649022832926689e-07)",28.27014501728346,24.711698642762105,33.49785258975358,0.788235294117647,0.6190476190476191,0.5652173913043478,0.5909090909090909,0.6361123147652028
12,12,0.3922434675793588,14.377593637504004,26.69341835516901,"SpearmanrResult(correlation=0.5144629489994225, pvalue=4.736867796840252e-07)",26.69341835516901,23.33343920715045,31.629558059621047,0.7764705882352941,0.6190476190476191,0.5416666666666666,0.5777777777777778,0.6705991250076335
13,13,0.4931056396915734,13.533538769190427,24.378001808441027,"SpearmanrResult(correlation=0.5319427712048082, pvalue=1.614660114102425e-07)",24.378001808441027,21.309470957244923,28.885975311150826,0.7764705882352941,0.6190476190476191,0.5416666666666666,0.5777777777777778,0.7124172440623884
14,14,0.49312099453806935,13.514533175388372,24.377632576368498,"SpearmanrResult(correlation=0.5205985431573734, pvalue=3.268899277828454e-07)",24.377632576368498,21.309148201500303,28.885537800783286,0.7764705882352941,0.6190476190476191,0.5416666666666666,0.5777777777777778,0.7146924778363835
15,15,0.4783208259523861,13.563951344040504,24.7309685450097,"SpearmanrResult(correlation=0.5389611846660617, pvalue=1.0301062412755233e-07)",24.7309685450097,21.618008731623924,29.304212561205087,0.788235294117647,0.6190476190476191,0.5652173913043478,0.5909090909090909,0.7129099042534444
16,16,0.49085971739040324,13.513010877358536,24.431948536869406,"SpearmanrResult(correlation=0.5170451954615817, pvalue=4.055827621428243e-07)",24.431948536869406,21.356627252158514,28.949897854013216,0.7764705882352941,0.6190476190476191,0.5416666666666666,0.5777777777777778,0.6990243517280774
17,17,0.48672474319232895,13.51797233473668,24.530959742433705,"SpearmanrResult(correlation=0.5206868250877037, pvalue=3.2513261920873864e-07)",24.530959742433705,21.443175625810852,29.067218184938266,0.7764705882352941,0.6190476190476191,0.5416666666666666,0.5777777777777778,0.6976417389027214
18,18,0.5487900752938023,12.801616715190013,23.00004560437189,"SpearmanrResult(correlation=0.5281687186831908, pvalue=2.0475390732011653e-07)",23.00004560437189,20.104962156987167,27.253207818418673,0.7764705882352941,0.6190476190476191,0.5416666666666666,0.5777777777777778,0.7137717372262116
19,19,0.5513500372212418,12.831879308049338,22.934706846095967,"SpearmanrResult(correlation=0.5247257234003118, pvalue=2.536578126705517e-07)",22.934706846095967,20.047847780558612,27.175786634629688,0.788235294117647,0.6190476190476191,0.5652173913043478,0.5909090909090909,0.7189566253582207
20,20,0.5325009526136257,13.027927965234,23.411526958956706,"SpearmanrResult(correlation=0.548473562659144, pvalue=5.509661280199251e-08)",23.411526958956706,20.46464914215823,27.740780193830517,0.788235294117647,0.6190476190476191,0.5652173913043478,0.5909090909090909,0.7203533681959684
21,21,0.5336904926398798,13.065883461511692,23.381722955753787,"SpearmanrResult(correlation=0.5445450167594488, pvalue=7.151205899551352e-08)",23.381722955753787,20.438596656575005,27.70546484241419,0.7647058823529411,0.6190476190476191,0.52,0.5652173913043478,0.7282343040131216
22,22,0.536140805219997,13.543316819695725,23.320210171824908,"SpearmanrResult(correlation=0.5808951015729215, pvalue=5.6020062316272505e-09)",23.320210171824908,20.384826667839594,27.632577131113976,0.7764705882352941,0.8095238095238095,0.53125,0.6415094339622642,0.7574811828296353
23,23,0.5391023265576774,13.298975777359644,23.24564671784339,"SpearmanrResult(correlation=0.5798136479263761, pvalue=6.070372879556538e-09)",23.24564671784339,20.319648735309418,27.544225423383832,0.7764705882352941,0.7142857142857143,0.5357142857142857,0.6122448979591837,0.7455146393739076
24,24,0.5384435382181835,13.460110435040132,23.262253975271026,"SpearmanrResult(correlation=0.5793060268269773, pvalue=6.302894908405672e-09)",23.262253975271026,20.334165588356463,27.563903690364455,0.7764705882352941,0.7619047619047619,0.5333333333333333,0.6274509803921569,0.764477650754356
0,0,0.291720584971247,15.988622367836925,28.816530136149677,"SpearmanrResult(correlation=0.5166920677402608, pvalue=4.1431538337898827e-07)",28.816530136149677,25.189308658276946,34.14527509706034,0.7176470588235294,0.6190476190476191,0.4482758620689655,0.52,0.5883066624765493
1,1,0.297433104850487,15.884552156749187,28.700087202489353,"SpearmanrResult(correlation=0.4959458141126565, pvalue=1.38992911536445e-06)",28.700087202489353,25.08752273945927,34.00729956759322,0.7294117647058823,0.6190476190476191,0.4642857142857143,0.5306122448979592,0.5866434759170871
2,2,0.2864737759892262,15.394328476491976,28.923067084796763,"SpearmanrResult(correlation=0.5050609234192527, pvalue=8.247108382915173e-07)",28.923067084796763,25.282435487576077,34.27151282944411,0.7411764705882353,0.6190476190476191,0.48148148148148145,0.5416666666666666,0.6836242462002851
3,3,0.23894733785533606,15.390626972894268,29.870791468657274,"SpearmanrResult(correlation=0.5154561207156375, pvalue=4.4630263534459126e-07)",29.870791468657274,26.110867013344343,35.3944901501075,0.788235294117647,0.6190476190476191,0.5652173913043478,0.5909090909090909,0.6680629556492306
4,4,0.2388858871950793,15.815579317270233,29.87199739230605,"SpearmanrResult(correlation=0.502456606474511, pvalue=9.588284203989991e-07)",29.87199739230605,26.11192114383347,35.395919072831326,0.7764705882352941,0.6190476190476191,0.5416666666666666,0.5777777777777778,0.6294856608861754
5,5,0.234217958935116,15.861955934201127,29.963460153256605,"SpearmanrResult(correlation=0.5051712758321656, pvalue=8.194394717516447e-07)",29.963460153256605,26.191871217816583,35.50429510280573,0.7647058823529411,0.6190476190476191,0.52,0.5652173913043478,0.6174851358141393
6,6,0.22164235705766133,16.009417695101455,30.208486884192908,"SpearmanrResult(correlation=0.48354220290125893, pvalue=2.761522432097818e-06)",30.208486884192908,26.406055712824205,35.79463211057259,0.7764705882352941,0.6190476190476191,0.5416666666666666,0.5777777777777778,0.6240162474642732
7,7,0.23011385872017465,15.482905981328448,30.043645318595015,"SpearmanrResult(correlation=0.4936284134414879, pvalue=1.5833957578460204e-06)",30.043645318595015,26.261963240346052,35.59930808723679,0.788235294117647,0.6190476190476191,0.5652173913043478,0.5909090909090909,0.6599235833882138
8,8,0.32158814500785093,14.983860790824584,28.202401397528348,"SpearmanrResult(correlation=0.5059878836877202, pvalue=7.8140971501273e-07)",28.202401397528348,24.652482111848137,33.41758183815093,0.7411764705882353,0.6190476190476191,0.48148148148148145,0.5416666666666666,0.6702939874235985
9,9,0.34415535529147023,14.887814669960457,27.729361119463427,"SpearmanrResult(correlation=0.5089453283537829, pvalue=6.571814794841854e-07)",27.729361119463427,24.23898480611157,32.85706707977431,0.7411764705882353,0.6190476190476191,0.48148148148148145,0.5416666666666666,0.6767661537756748
10,10,0.31178092327641427,15.208858359332394,28.40551899196852,"SpearmanrResult(correlation=0.5247036529177292, pvalue=2.540043686977607e-07)",28.40551899196852,24.830032696741835,33.65825988323286,0.7529411764705882,0.6190476190476191,0.5,0.5531914893617021,0.6387065506499208
11,11,0.3267250890280249,14.849226550398377,28.095424015962916,"SpearmanrResult(correlation=0.522518675142056, pvalue=2.9062642900921706e-07)",28.095424015962916,24.558970288218635,33.290822228112646,0.7529411764705882,0.6190476190476191,0.5,0.5531914893617021,0.6343065950252205
12,12,0.41436003694258383,14.247875425365999,26.203223885297117,"SpearmanrResult(correlation=0.5295812295684745, pvalue=1.8740136027390659e-07)",26.203223885297117,22.904946958227892,31.048716960926928,0.7647058823529411,0.6190476190476191,0.52,0.5652173913043478,0.7022867654520615
13,13,0.4944217017373784,13.657527146876536,24.346334643676098,"SpearmanrResult(correlation=0.5313247976924966, pvalue=1.679025824068162e-07)",24.346334643676098,21.281789831730244,28.848452262840233,0.7647058823529411,0.6190476190476191,0.52,0.5652173913043478,0.7188177052786906
14,14,0.4795010602810198,13.656100036858778,24.70297733225072,"SpearmanrResult(correlation=0.5314130796228268, pvalue=1.6696839295679162e-07)",24.70297733225072,21.593540855214993,29.271045220951418,0.7764705882352941,0.6190476190476191,0.5416666666666666,0.5777777777777778,0.7102724232296227
15,15,0.4645920672362719,13.734894771871437,25.054271310163365,"SpearmanrResult(correlation=0.5266017144198292, pvalue=2.2578449031760317e-07)",25.054271310163365,21.900616425994244,29.687300386271293,0.7764705882352941,0.6190476190476191,0.5416666666666666,0.5777777777777778,0.6969336698828592
16,16,0.4768560092655547,13.480736286319258,24.76566510083723,"SpearmanrResult(correlation=0.5405061184468406, pvalue=9.317828929042762e-08)",24.76566510083723,21.64833792983028,29.34532519475444,0.7764705882352941,0.6190476190476191,0.5416666666666666,0.5777777777777778,0.7075016107550616
17,17,0.466646313617306,13.632690508532876,25.006161163158243,"SpearmanrResult(correlation=0.5424262504315231, pvalue=8.219803256737827e-08)",25.006161163158243,21.85856204481853,29.630293723890755,0.7764705882352941,0.6190476190476191,0.5416666666666666,0.5777777777777778,0.6884427334949095
18,18,0.5359623486150915,13.011057247243158,23.324695633564293,"SpearmanrResult(correlation=0.5359154580696687, pvalue=1.2535323042684204e-07)",23.324695633564293,20.388747531305615,27.63789204322536,0.7647058823529411,0.6190476190476191,0.52,0.5652173913043478,0.6980350365759982
19,19,0.5373479659747538,13.000476414735948,23.28984580467995,"SpearmanrResult(correlation=0.5288749741258327, pvalue=1.9589544246451e-07)",23.28984580467995,20.358284352973307,27.596597793406968,0.7647058823529411,0.6190476190476191,0.52,0.5652173913043478,0.6956290248822892
20,20,0.5354910617378121,13.029959745649553,23.336537165457962,"SpearmanrResult(correlation=0.5461561619879755, pvalue=6.42847041201967e-08)",23.336537165457962,20.399098534720913,27.651923307994906,0.7764705882352941,0.6190476190476191,0.5416666666666666,0.5777777777777778,0.6992999494653209
21,21,0.5458122122075623,12.90841897813781,23.07581782139552,"SpearmanrResult(correlation=0.5600384955324044, pvalue=2.506952433391136e-08)",23.07581782139552,20.171196701997005,27.34299181332583,0.7764705882352941,0.6190476190476191,0.5416666666666666,0.5777777777777778,0.7254549751414747
22,22,0.5458012721406078,13.405017398727523,23.07609573449512,"SpearmanrResult(correlation=0.5785114894540052, pvalue=6.683992059556517e-09)",23.07609573449512,20.171439633356638,27.34332111804066,0.7529411764705882,0.8095238095238095,0.5,0.6181818181818182,0.7506827529694904
23,23,0.5497666434727138,13.281129186744977,22.975142252387144,"SpearmanrResult(correlation=0.5856402553281713, pvalue=3.924850206834841e-09)",22.975142252387144,20.083193463226824,27.223699345318664,0.7647058823529411,0.8571428571428571,0.5142857142857142,0.6428571428571428,0.7554164954482943
24,24,0.5615479672204542,13.194632317299329,22.672552657909524,"SpearmanrResult(correlation=0.5939608272617956, pvalue=2.0739648242976666e-09)",22.672552657909524,19.81869171176446,26.86515496484917,0.788235294117647,0.8571428571428571,0.5454545454545454,0.6666666666666665,0.7811156784609277
0,0,0.284298566208399,16.0133893214357,28.967120029566455,"SpearmanrResult(correlation=0.5171776183570771, pvalue=4.0235319661691135e-07)",28.967120029566455,25.32094335850526,34.32371203284889,0.7176470588235294,0.6190476190476191,0.4482758620689655,0.52,0.6613622024029171
1,1,0.29523697840592167,15.976505967406965,28.74490844495369,"SpearmanrResult(correlation=0.492922157998846, pvalue=1.647235473971684e-06)",28.74490844495369,25.126702200190575,34.06040914209459,0.7176470588235294,0.6190476190476191,0.4482758620689655,0.52,0.6140700204951597
2,2,0.262148314906834,15.43391354615321,29.411956298081964,"SpearmanrResult(correlation=0.49806458044058194, pvalue=1.2327707816974902e-06)",29.411956298081964,25.709786776400907,34.85080730385647,0.7529411764705882,0.6190476190476191,0.5,0.5531914893617021,0.682849024493764
3,3,0.2452485516306212,15.350329835716716,29.74687529656882,"SpearmanrResult(correlation=0.5119248435024282, pvalue=5.51075733237806e-07)",29.74687529656882,26.00254853461909,35.24765943298285,0.788235294117647,0.6190476190476191,0.5652173913043478,0.5909090909090909,0.6743292892720121
4,4,0.2176966709358228,15.915626183574018,30.28495721584924,"SpearmanrResult(correlation=0.4915317175961449, pvalue=1.7800812411727673e-06)",30.28495721584924,26.472900498722826,35.88524331528156,0.7647058823529411,0.6190476190476191,0.52,0.5652173913043478,0.6280049235739618
5,5,0.22459061775852363,15.745697901433235,30.1512207975238,"SpearmanrResult(correlation=0.47089581638145334, pvalue=5.412129459776326e-06)",30.1512207975238,26.355997877063114,35.726776394641135,0.7647058823529411,0.6190476190476191,0.52,0.5652173913043478,0.6243830489672699
6,6,0.21822886385414075,15.874455179537643,30.274654190649233,"SpearmanrResult(correlation=0.47561889965412063, pvalue=4.222704561136706e-06)",30.274654190649233,26.463894345634625,35.87303505744747,0.7529411764705882,0.5238095238095238,0.5,0.5116279069767442,0.6152653172169673
7,7,0.21485964833032656,15.460048975150606,30.339821709943106,"SpearmanrResult(correlation=0.5052154167973307, pvalue=8.173398566294122e-07)",30.339821709943106,26.520859037435887,35.950253336788144,0.7647058823529411,0.5238095238095238,0.5238095238095238,0.5238095238095238,0.6555595491493209
8,8,0.3158259379853262,14.835943643788788,28.321919105980143,"SpearmanrResult(correlation=0.5077755927769073, pvalue=7.038994693525878e-07)",28.321919105980143,24.756955774502806,33.55920072893255,0.7647058823529411,0.6190476190476191,0.52,0.5652173913043478,0.6705874321790104
9,9,0.33735927522885967,14.840991893916332,27.87266127071328,"SpearmanrResult(correlation=0.49312079234208905, pvalue=1.6290393138584217e-06)",27.87266127071328,24.364247345478937,33.02686625624554,0.7529411764705882,0.6190476190476191,0.5,0.5531914893617021,0.6742799357934408
10,10,0.31440728978042776,15.10724789050577,28.35126692519241,"SpearmanrResult(correlation=0.500359910629168, pvalue=1.081516785547676e-06)",28.35126692519241,24.78260949731719,33.59397553893803,0.7529411764705882,0.6190476190476191,0.5,0.5531914893617021,0.6460862052391507
11,11,0.31784477094719965,14.822918467186005,28.28010265281964,"SpearmanrResult(correlation=0.5214592919780933, pvalue=3.101334079911794e-07)",28.28010265281964,24.720402881400215,33.50965158856061,0.7764705882352941,0.6190476190476191,0.5416666666666666,0.5777777777777778,0.6531306176191045
12,12,0.3936749335162467,14.2744298007848,26.6619639459569,"SpearmanrResult(correlation=0.5180383671777967, pvalue=3.8194723537527877e-07)",26.6619639459569,23.305944057020852,31.59228710956257,0.7764705882352941,0.6190476190476191,0.5416666666666666,0.5777777777777778,0.6865747144228111
13,13,0.4915292085942493,13.386020721533054,24.415879924874115,"SpearmanrResult(correlation=0.5369086297858837, pvalue=1.1760554571439753e-07)",24.415879924874115,21.34258124365759,28.930857838632644,0.7764705882352941,0.6190476190476191,0.5416666666666666,0.5777777777777778,0.7277736614411721
14,14,0.4797909689448815,13.551450969530007,24.696096814246708,"SpearmanrResult(correlation=0.5371293346117093, pvalue=1.1594670827380255e-07)",24.696096814246708,21.587526408266907,29.262892359418572,0.7529411764705882,0.6190476190476191,0.5,0.5531914893617021,0.7102929840388463
15,15,0.47528319189363777,13.555970853950427,24.802865791274762,"SpearmanrResult(correlation=0.5318765597570605, pvalue=1.6214427575754743e-07)",24.802865791274762,21.68085605985165,29.389405026808777,0.7647058823529411,0.6190476190476191,0.52,0.5652173913043478,0.7019740300626094
16,16,0.48443437858659266,13.450452325355084,24.585630509130272,"SpearmanrResult(correlation=0.5317220663789826, pvalue=1.6373742331161035e-07)",24.585630509130272,21.4909648221644,29.13199865502962,0.7764705882352941,0.6190476190476191,0.5416666666666666,0.5777777777777778,0.7028755537908349
17,17,0.478817772800897,13.518023180408658,24.719186490333577,"SpearmanrResult(correlation=0.541984840779872, pvalue=8.460762538882656e-08)",24.719186490333577,21.607709718853705,29.290251772164073,0.7764705882352941,0.6190476190476191,0.5416666666666666,0.5777777777777778,0.6953662724177041
18,18,0.5393665726005105,12.870835608130825,23.23898205972805,"SpearmanrResult(correlation=0.5227614504504642, pvalue=2.863228541059026e-07)",23.23898205972805,20.313822977330368,27.536328338491895,0.7647058823529411,0.6190476190476191,0.52,0.5652173913043478,0.712808086881418
19,19,0.5461754619868764,12.877134749395296,23.066588200277693,"SpearmanrResult(correlation=0.5108213193733004, pvalue=5.883282353138252e-07)",23.066588200277693,20.163128840459287,27.332055453166543,0.7647058823529411,0.6190476190476191,0.52,0.5652173913043478,0.7026813050912737
20,20,0.5283485464928798,13.08166098812846,23.51526968697476,"SpearmanrResult(correlation=0.5268886306934025, pvalue=2.217866427199085e-07)",23.51526968697476,20.555333467604488,27.86370699906208,0.788235294117647,0.6190476190476191,0.5652173913043478,0.5909090909090909,0.7025162499738831
21,21,0.5399179974091182,12.894176336512464,23.225068188254774,"SpearmanrResult(correlation=0.5450747083414301, pvalue=6.905473718340155e-08)",23.225068188254774,20.301660485818868,27.519841517668038,0.7647058823529411,0.6190476190476191,0.52,0.5652173913043478,0.734419221137796
22,22,0.5377895020048331,13.442140373996184,23.278729717465797,"SpearmanrResult(correlation=0.5573017556921671, pvalue=3.0286523028598164e-08)",23.278729717465797,20.348567480380154,27.58342612235091,0.7764705882352941,0.8095238095238095,0.53125,0.6415094339622642,0.7526070288664021
23,23,0.5368213284012213,13.229076635806049,23.30309746960396,"SpearmanrResult(correlation=0.571382723579839, pvalue=1.124033613298915e-08)",23.30309746960396,20.36986799182329,27.61229995262553,0.7764705882352941,0.7142857142857143,0.5357142857142857,0.6122448979591837,0.7558910732401483
24,24,0.5518914584326224,13.149640753145109,22.920864110890083,"SpearmanrResult(correlation=0.5717358513011599, pvalue=1.0957793610538374e-08)",22.920864110890083,20.035747471183114,27.159384104572545,0.7764705882352941,0.7142857142857143,0.5357142857142857,0.6122448979591837,0.764785048564165
0,0,0.2658816601946161,16.05879740918835,29.337453359596577,"SpearmanrResult(correlation=0.5048402185934272, pvalue=8.353498857916985e-07)",29.337453359596577,25.64466174210322,34.76252730213164,0.7294117647058823,0.6190476190476191,0.4642857142857143,0.5306122448979592,0.6118816348724874
1,1,0.2880494762640128,15.903761804561396,28.891113617863223,"SpearmanrResult(correlation=0.4952616291525971, pvalue=1.4445926442582323e-06)",28.891113617863223,25.25450409758956,34.2336505360453,0.7176470588235294,0.6190476190476191,0.4482758620689655,0.52,0.6023299395858539
2,2,0.2693300726294028,15.32940587475825,29.26846807592789,"SpearmanrResult(correlation=0.5161182351931143, pvalue=4.2888672668113906e-07)",29.26846807592789,25.58435983916767,34.68078527846026,0.7647058823529411,0.6190476190476191,0.52,0.5652173913043478,0.68377775127206
3,3,0.23455074309989388,15.341014998730829,29.9569488693207,"SpearmanrResult(correlation=0.5059878836877202, pvalue=7.8140971501273e-07)",29.9569488693207,26.186179528357503,35.49657975400502,0.788235294117647,0.6190476190476191,0.5652173913043478,0.5909090909090909,0.6637321106308605
4,4,0.2260884607767948,15.939003254430448,30.122085461257385,"SpearmanrResult(correlation=0.4638994734027825, pvalue=7.764395942137765e-06)",30.122085461257385,26.330529891340685,35.692253359870406,0.7529411764705882,0.6190476190476191,0.5,0.5531914893617021,0.6302990624615392
5,5,0.22981193282000423,15.846991143464905,30.049535842535633,"SpearmanrResult(correlation=0.480695110648109, pvalue=3.220734754143094e-06)",30.049535842535633,26.267112306697836,35.60628788527173,0.7529411764705882,0.6190476190476191,0.5,0.5531914893617021,0.6262321456321751
6,6,0.216650231912212,15.996995395330655,30.30520560868378,"SpearmanrResult(correlation=0.48958951512887977, pvalue=1.982638557104369e-06)",30.30520560868378,26.49060016674439,35.90923603544399,0.7764705882352941,0.6190476190476191,0.5416666666666666,0.5777777777777778,0.6071904871012395
7,7,0.20420901628993382,15.661683275403147,30.544912292373983,"SpearmanrResult(correlation=0.4624428215523337, pvalue=8.36199907968289e-06)",30.544912292373983,26.70013426451385,36.19326921426652,0.788235294117647,0.6190476190476191,0.5652173913043478,0.5909090909090909,0.6289633319884742
8,8,0.3004498435317112,15.296309733185174,28.63840353531004,"SpearmanrResult(correlation=0.5048402185934272, pvalue=8.353498857916985e-07)",28.63840353531004,25.0336033770512,33.93420937335811,0.7411764705882353,0.6190476190476191,0.48148148148148145,0.5416666666666666,0.6608644272013569
9,9,0.3477511382889754,14.994102416404097,27.653241104091848,"SpearmanrResult(correlation=0.5224303932117258, pvalue=2.9220651070306566e-07)",27.653241104091848,24.172446241155683,32.76687097174274,0.7411764705882353,0.6190476190476191,0.48148148148148145,0.5416666666666666,0.6772209484066793
10,10,0.29852902764845335,15.33136644133581,28.677694064234238,"SpearmanrResult(correlation=0.49727004306760997, pvalue=1.289628724001059e-06)",28.677694064234238,25.06794829143689,33.98076549626698,0.7411764705882353,0.6190476190476191,0.48148148148148145,0.5416666666666666,0.6270927620407054
11,11,0.3136112640500933,15.026485050139838,28.367721148327437,"SpearmanrResult(correlation=0.5141760327258491, pvalue=4.818892050939091e-07)",28.367721148327437,24.796992578948533,33.61347247256604,0.7647058823529411,0.6190476190476191,0.52,0.5652173913043478,0.632960235988048
12,12,0.39691129796858726,14.289605458576464,26.5907123274019,"SpearmanrResult(correlation=0.5156106140937153, pvalue=4.4218002941249314e-07)",26.5907123274019,23.243661089442732,31.50785966097051,0.7764705882352941,0.6190476190476191,0.5416666666666666,0.5777777777777778,0.6981585243769146
13,13,0.46858567522742645,13.783303191240215,24.96065650518595,"SpearmanrResult(correlation=0.5222979703162305, pvalue=2.94591907465544e-07)",24.96065650518595,21.818785192101082,29.576374356870488,0.7764705882352941,0.6190476190476191,0.5416666666666666,0.5777777777777778,0.710557035658879
14,14,0.454301257757483,13.890255229827792,25.293903170787342,"SpearmanrResult(correlation=0.5295150181207268, pvalue=1.881825878557262e-07)",25.293903170787342,22.110085118897082,29.971244905766422,0.7764705882352941,0.6190476190476191,0.5416666666666666,0.5777777777777778,0.7135971217410937
15,15,0.4423512361638575,13.877604096137,25.569353488085877,"SpearmanrResult(correlation=0.5479659415597452, pvalue=5.699551295513604e-08)",25.569353488085877,22.35086369389106,30.29763142125922,0.7764705882352941,0.6190476190476191,0.5416666666666666,0.5777777777777778,0.7003922373558382
16,16,0.4831849637961073,13.55109873224178,24.61540272574736,"SpearmanrResult(correlation=0.5366217135123106, pvalue=1.1979574868218512e-07)",24.61540272574736,21.516989522232922,29.167276341893256,0.7764705882352941,0.6190476190476191,0.5416666666666666,0.5777777777777778,0.6979848834190108
17,17,0.47117945602474354,13.731227053446881,24.899666744186145,"SpearmanrResult(correlation=0.5492018885843685, pvalue=5.2476917706481313e-08)",24.899666744186145,21.765472391859,29.50410638575797,0.7764705882352941,0.6190476190476191,0.5416666666666666,0.5777777777777778,0.6904448312310787
18,18,0.5257606483506094,13.202155794399363,23.57969424691567,"SpearmanrResult(correlation=0.5470610517738602, pvalue=6.053586136230641e-08)",23.57969424691567,20.611648718533655,27.94004493120714,0.7647058823529411,0.6190476190476191,0.52,0.5652173913043478,0.7025594120818694
19,19,0.5362781406781498,13.186128775628116,23.316757692197797,"SpearmanrResult(correlation=0.5366217135123106, pvalue=1.1979574868218512e-07)",23.316757692197797,20.381808761986502,27.628486219887755,0.7647058823529411,0.6190476190476191,0.52,0.5652173913043478,0.7230376617719054
20,20,0.5201529144199867,13.35952588474527,23.71869584435706,"SpearmanrResult(correlation=0.5403957660339279, pvalue=9.384992474842164e-08)",23.71869584435706,20.733153775714445,28.104750666461957,0.7647058823529411,0.6190476190476191,0.52,0.5652173913043478,0.70604201133508
21,21,0.532128257210505,13.195814976180818,23.420857063722917,"SpearmanrResult(correlation=0.582462105836283, pvalue=4.984128743567072e-09)",23.420857063722917,20.472804839171708,27.751835619047277,0.7647058823529411,0.6190476190476191,0.52,0.5652173913043478,0.7296413158116084
22,22,0.527224420484697,13.700547052195851,23.54327595529963,"SpearmanrResult(correlation=0.5845367311990435, pvalue=4.26559241794594e-09)",23.54327595529963,20.579814504490905,27.896892178952815,0.7647058823529411,0.8571428571428571,0.5142857142857142,0.6428571428571428,0.7467351053236628
23,23,0.529810143292544,13.581829765262476,23.478805777974806,"SpearmanrResult(correlation=0.577319683394547, pvalue=7.297135529373586e-09)",23.478805777974806,20.523459378172223,27.820500193869545,0.7529411764705882,0.8095238095238095,0.5,0.6181818181818182,0.7527669588257972
24,24,0.5243338058278262,13.545459554681758,23.615139683668936,"SpearmanrResult(correlation=0.581358581707155, pvalue=5.412023049409899e-09)",23.615139683668936,20.642632533819086,27.982044928540528,0.7647058823529411,0.8095238095238095,0.5151515151515151,0.6296296296296297,0.7568264034216907
0,0,0.2832406481849936,15.945515675146721,28.98852107811951,"SpearmanrResult(correlation=0.5077755927769073, pvalue=7.038994693525878e-07)",28.98852107811951,25.339650594076883,34.34907055751363,0.7176470588235294,0.6190476190476191,0.4482758620689655,0.52,0.6805156154778442
1,1,0.29671429335345423,15.82867706322778,28.714765291329382,"SpearmanrResult(correlation=0.5158754598847062, pvalue=4.3519646838599173e-07)",28.714765291329382,25.10035325404789,34.02469192465266,0.7176470588235294,0.6190476190476191,0.4482758620689655,0.52,0.6119848942138186
2,2,0.28740244973830753,15.232099912794462,28.904238877985534,"SpearmanrResult(correlation=0.5293605247426489, pvalue=1.900174852937857e-07)",28.904238877985534,25.265977242582345,34.24920291572042,0.7529411764705882,0.6190476190476191,0.5,0.5531914893617021,0.701255599009059
3,3,0.2696750907013852,15.172374751365826,29.26155706015965,"SpearmanrResult(correlation=0.5219889835600746, pvalue=3.002298070253492e-07)",29.26155706015965,25.578318733298715,34.67259627952487,0.8,0.6190476190476191,0.5909090909090909,0.6046511627906977,0.6736715939616444
4,4,0.2455253836070057,15.691220146093935,29.741419433221104,"SpearmanrResult(correlation=0.5249243577435547, pvalue=2.5055891721755573e-07)",29.741419433221104,25.99777941685183,35.24119467286012,0.7647058823529411,0.6190476190476191,0.52,0.5652173913043478,0.6564976418378541
5,5,0.2399896125993004,15.80892300971172,29.85033017873915,"SpearmanrResult(correlation=0.5098722886222504, pvalue=6.222589338846479e-07)",29.85033017873915,26.09298124622183,35.37024516399036,0.7764705882352941,0.6190476190476191,0.5416666666666666,0.5777777777777778,0.6371282163525833
6,6,0.23493910466225143,15.886524977843555,29.949348363199014,"SpearmanrResult(correlation=0.507444535538169, pvalue=7.176812949704448e-07)",29.949348363199014,26.1795357203156,35.48757376434645,0.7647058823529411,0.6190476190476191,0.52,0.5652173913043478,0.6370118881812781
7,7,0.23346193359037204,15.428137944415793,29.978247354906003,"SpearmanrResult(correlation=0.522518675142056, pvalue=2.9062642900921706e-07)",29.978247354906003,26.204797110864046,35.521816749785735,0.7647058823529411,0.5714285714285714,0.5217391304347826,0.5454545454545454,0.6619934690130902
8,8,0.32797772053657936,14.997256726944707,28.069276006190318,"SpearmanrResult(correlation=0.512035195915341, pvalue=5.474758240310176e-07)",28.069276006190318,24.5361136054102,33.25983893544321,0.7411764705882353,0.6190476190476191,0.48148148148148145,0.5416666666666666,0.6889806819757183
9,9,0.33315964043330737,14.97400504312254,27.960846401466473,"SpearmanrResult(correlation=0.5099605705525807, pvalue=6.190261479174132e-07)",27.960846401466473,24.44133235422626,33.13135855753273,0.7411764705882353,0.6190476190476191,0.48148148148148145,0.5416666666666666,0.6766197120487427
10,10,0.3247576544763493,15.078376977403767,28.136444098788555,"SpearmanrResult(correlation=0.5312144452795838, pvalue=1.6907729521528513e-07)",28.136444098788555,24.59482705246475,33.33942773356275,0.7411764705882353,0.6190476190476191,0.48148148148148145,0.5416666666666666,0.6548756379176142
11,11,0.3281158639980134,14.710790157210548,28.066390844225218,"SpearmanrResult(correlation=0.5222538293510653, pvalue=2.953911326089474e-07)",28.066390844225218,24.53359160727494,33.25642025010766,0.7764705882352941,0.6190476190476191,0.5416666666666666,0.5777777777777778,0.646465430845228
12,12,0.4046915041543341,14.269693120995225,26.418637485320108,"SpearmanrResult(correlation=0.5344367357366372, pvalue=1.37792217227619e-07)",26.418637485320108,23.093245814284916,31.303964785619254,0.7764705882352941,0.6190476190476191,0.5416666666666666,0.5777777777777778,0.6954047394377907
13,13,0.4807735259549124,13.709819321859129,24.672763124946826,"SpearmanrResult(correlation=0.537195546059457, pvalue=1.1545340620338288e-07)",24.672763124946826,21.567129799128537,29.235243810602682,0.7647058823529411,0.6190476190476191,0.52,0.5652173913043478,0.7283872849177566
14,14,0.46808538479888184,13.775883368861207,24.972403121045975,"SpearmanrResult(correlation=0.5398219334867813, pvalue=9.741722512727819e-08)",24.972403121045975,21.82905322684331,29.590293153759117,0.7764705882352941,0.6190476190476191,0.5416666666666666,0.5777777777777778,0.7102649717396299
15,15,0.45275925619884816,13.75654399110234,25.329614929607466,"SpearmanrResult(correlation=0.540285413621015, pvalue=9.452615830604149e-08)",25.329614929607466,22.14130173350682,30.013560473371257,0.7764705882352941,0.6190476190476191,0.5416666666666666,0.5777777777777778,0.6979082144266366
16,16,0.48605303276213074,13.429530507665561,24.547006019591485,"SpearmanrResult(correlation=0.528102507235443, pvalue=2.0560359211248536e-07)",24.547006019591485,21.457202110826007,29.086231735329214,0.7764705882352941,0.6190476190476191,0.5416666666666666,0.5777777777777778,0.7104601394280265
17,17,0.46666052162479577,13.708478052497686,25.005828091408365,"SpearmanrResult(correlation=0.5286984102651722, pvalue=1.980753324214732e-07)",25.005828091408365,21.858270897790298,29.629899060602952,0.7647058823529411,0.6190476190476191,0.52,0.5652173913043478,0.6943349105867946
18,18,0.5419738688211566,12.83569673843784,23.17311960838251,"SpearmanrResult(correlation=0.5320310531351384, pvalue=1.6056584670204519e-07)",23.17311960838251,20.256250826620516,27.45828662045247,0.7764705882352941,0.6190476190476191,0.5416666666666666,0.5777777777777778,0.7006641679971748
19,19,0.5438379267093412,12.910942831666796,23.12591697896239,"SpearmanrResult(correlation=0.525520260773284, pvalue=2.414761670870131e-07)",23.12591697896239,20.214989731119843,27.402355293563367,0.7764705882352941,0.6190476190476191,0.5416666666666666,0.5777777777777778,0.7041620431218765
20,20,0.5448695563953335,12.894333057211878,23.099752061095238,"SpearmanrResult(correlation=0.5306406127324373, pvalue=1.7531258715136705e-07)",23.099752061095238,20.192118268488493,27.371351966159104,0.788235294117647,0.6190476190476191,0.5652173913043478,0.5909090909090909,0.7150329250708707
21,21,0.53118772061758,12.99578429529529,23.444386069326757,"SpearmanrResult(correlation=0.5478335186642499, pvalue=5.7501020612912405e-08)",23.444386069326757,20.493372179575886,27.779715602005236,0.7647058823529411,0.6190476190476191,0.52,0.5652173913043478,0.7330372327277646
22,22,0.5389669527240828,13.377583343551619,23.249060296880796,"SpearmanrResult(correlation=0.5756643972008553, pvalue=8.238343666193495e-09)",23.249060296880796,20.322632637104547,27.54827024053382,0.7764705882352941,0.8571428571428571,0.5294117647058824,0.6545454545454545,0.753985318097444
23,23,0.5291231469991775,13.338509555783052,23.495952005997776,"SpearmanrResult(correlation=0.5827269516272737, pvalue=4.886349639229421e-09)",23.495952005997776,20.538447359999154,27.840817097742253,0.788235294117647,0.8095238095238095,0.5483870967741935,0.6538461538461537,0.7560604754912239
24,24,0.5373201193013202,13.44705303684263,23.290546693170857,"SpearmanrResult(correlation=0.5796591545482981, pvalue=6.1402591997504725e-09)",23.290546693170857,20.358897018566598,27.597428290008096,0.788235294117647,0.8571428571428571,0.5454545454545454,0.6666666666666665,0.7592894983032035
